,id,name,gender,address,country,email,unit,experience,domain
121100,id_121100,John Stanley,Male,"67985 Mendez Shoal Apt. 945
Rebeccaview, MA 64107",Grenada,John@thomas.com,Testing,12,Software development
121101,id_121101,Shannon Wilson,Female,"8411 Campos Falls
North Ginaburgh, WY 61971",Egypt,Shannon@gmail.com,IT,13,ML
121102,id_121102,Dustin Liu,Male,"837 Charles Landing Apt. 318
Millertown, OK 81338",Estonia,Dustin@yahoo.com,Data Science,1,Software development
121103,id_121103,Samuel Gordon,Male,"149 Megan Villages
Port Kimburgh, TN 95934",Botswana,Samuel@gmail.com,Data Science,20,Frontend developer
121104,id_121104,Richard Perry Jr.,Male,"14172 Williams Hill Apt. 755
Scottton, VT 77025",Cuba,Richard@gmail.com,Predictive analysis frameworks,9,Software development
121105,id_121105,Crystal Gutierrez,Female,"1257 Douglas Garden Suite 327
Trujilloside, NJ 15310",Trinidad and Tobago,Crystal@ward-barker.com,Data Science,11,Software development
121106,id_121106,Brandon Edwards,Male,"2995 Robin Prairie Apt. 680
Lake Nathan, UT 41942",Japan,Brandon@espinoza.net,Testing,6,Data engineer
121107,id_121107,Ricky Martin,Male,"0129 Rodriguez Mews Suite 533
North Antonio, IL 90798",Sweden,Ricky@leon.info,Data Science,7,Software development
121108,id_121108,Gary Keith,Male,"875 Melinda Overpass Suite 850
Rosefurt, OK 59295",Somalia,Gary@gmail.com,Testing,29,Frontend developer
121109,id_121109,Rachel Mckee,Female,"96418 Douglas Keys Suite 054
East Loganmouth, TX 29791",France,Rachel@gmail.com,Testing,3,Software development
121110,id_121110,Mark Preston,Male,"37158 Heather Pike
Saraview, OK 82200",Jamaica,Mark@perry.com,Predictive analysis frameworks,22,Data engineer
121111,id_121111,Cindy Lucas,Female,"1128 Martin Streets Suite 916
East John, AK 68444",Saudi Arabia,Cindy@wilson.info,IT,10,Frontend developer
121112,id_121112,Randy Guzman,Male,"Unit 7730 Box 6036
DPO AE 11878",Belgium,Randy@gmail.com,Testing,6,ML
121113,id_121113,Wendy Reese,Female,"7745 Wagner Lodge
Lake John, UT 28147",Guyana,Wendy@french.com,IT,1,ML
121114,id_121114,Amber Lang,Female,"84741 Brittany Rapids Suite 530
Davisville, OH 88093",Central African Republic,Amber@johnston-newton.com,Testing,14,Software development
121115,id_121115,Andre Wilson,Male,"403 Patricia Isle
Port Brianshire, SD 84126",Bahrain,Andre@jackson.com,IT,19,ML
121116,id_121116,John Hoffman,Male,"852 Fuentes Brooks
Shanetown, SC 18537",Bahamas,John@gmail.com,IT,20,Data engineer
121117,id_121117,Carlos Torres,Male,"100 Justin Courts
Kathyport, DC 80765",Solomon Islands,Carlos@hotmail.com,Engineering,28,Software development
121118,id_121118,Nathan Miller,Male,"4570 Ferguson Estate
Port Michaelbury, AR 32720",Zambia,Nathan@yahoo.com,Testing,23,Frontend developer
121119,id_121119,Mary Smith,Female,"2988 Margaret Vista Apt. 595
Josephchester, MN 20385",Saudi Arabia,Mary@gmail.com,Predictive analysis frameworks,6,Data engineer
121120,id_121120,Jeffrey Evans,Male,"77315 Lee Dam Suite 629
Kevinbury, OK 15845",Antarctica (the territory South of 60 deg S),Jeffrey@smith-greene.com,Predictive analysis frameworks,14,ML
121121,id_121121,Ashley Trevino,Female,"5476 Elizabeth Expressway Suite 535
Lake Amanda, SC 35977",Israel,Ashley@maldonado.com,Testing,9,ML
121122,id_121122,Corey Duncan,Male,"3726 Nolan Mission Suite 001
Lake Kelly, ID 67393",Saint Lucia,Corey@gmail.com,Testing,12,ML
121123,id_121123,Christina Weber,Female,"7004 Carol Forks Suite 627
Molinaberg, VT 35606",Morocco,Christina@gmail.com,Testing,1,Frontend developer
121124,id_121124,Melissa Taylor,Female,"4485 Wood Throughway
Chanland, MA 24557",Azerbaijan,Melissa@potter-hoover.com,Data Science,12,ML
121125,id_121125,Stephanie Small,Female,"4424 Holmes Brook Suite 194
Anthonyfurt, DC 06986",Netherlands,Stephanie@gmail.com,IT,30,Software development
121126,id_121126,Gabriel Harris,Male,"4636 Taylor Summit Suite 968
North Brendaville, NE 76625",Solomon Islands,Gabriel@gmail.com,Predictive analysis frameworks,19,Software development
121127,id_121127,Martin Graham,Male,"480 Jensen Fall Apt. 978
Davisfurt, GA 61439",Congo,Martin@gmail.com,Predictive analysis frameworks,22,Software development
121128,id_121128,Teresa Williams,Female,"2224 Dale Radial
Jessicaview, CO 07068",Brazil,Teresa@hotmail.com,Data Science,30,Data engineer
121129,id_121129,Heather Holt DDS,Female,"2448 Alvarez Garden
East Michelle, PA 13754",Gibraltar,Heather@gmail.com,Testing,9,Software development
121130,id_121130,Dustin Scott,Male,"815 Luke Courts
West Brian, TX 81914",Lao People's Democratic Republic,Dustin@hernandez.biz,IT,15,ML
121131,id_121131,Mark Fisher,Male,"698 Scott Run
Bautistamouth, SD 15321",Iceland,Mark@long.info,Predictive analysis frameworks,7,Frontend developer
121132,id_121132,Brendan Ross,Male,"Unit 1412 Box 4353
DPO AE 30436",Pitcairn Islands,Brendan@mccoy-dixon.com,Testing,27,Software development
121133,id_121133,Carl Johnson,Male,"Unit 2871 Box 2501
DPO AP 13097",Pitcairn Islands,Carl@duncan.org,Engineering,16,Software development
121134,id_121134,Rebecca Williams,Female,"42151 Mason Isle
West Benjaminside, AL 69070",French Guiana,Rebecca@gmail.com,IT,27,Data engineer
121135,id_121135,Mrs. Melinda Jordan,Female,"40457 John Mountains
North Derrick, NC 98573",Guatemala,Mrs.@harrington.net,IT,26,Data engineer
121136,id_121136,Michelle Sanchez,Female,"55182 Murray Inlet
Port Bradley, NC 10367",Suriname,Michelle@pollard.net,Engineering,8,Frontend developer
121137,id_121137,Kayla Moran,Female,"66335 Joseph Court Apt. 687
South Walterstad, ME 50593",Togo,Kayla@gmail.com,IT,25,Frontend developer
121138,id_121138,Pamela Brown,Female,"PSC 7690, Box 8007
APO AA 32759",Bahrain,Pamela@hotmail.com,Testing,12,Data engineer
121139,id_121139,Christina Barton,Female,"7961 Shawn Ford Apt. 127
Biancaton, AR 09627",Canada,Christina@day-anderson.com,IT,5,Software development
121140,id_121140,Pamela Roberts,Female,"14040 Compton Orchard
East Tracey, CA 23656",Kenya,Pamela@carter-nelson.biz,Predictive analysis frameworks,5,Software development
121141,id_121141,Richard Kidd,Male,"274 Thomas Field
Rothfort, NE 94426",Thailand,Richard@hotmail.com,Data Science,29,Software development
121142,id_121142,Ian Richardson,Male,"231 Anita Tunnel Apt. 465
Brendaport, RI 23624",Svalbard & Jan Mayen Islands,Ian@brown.org,Data Science,5,Data engineer
121143,id_121143,Charles Mcgrath,Male,"PSC 2613, Box 3838
APO AE 44939",France,Charles@yahoo.com,Testing,16,Software development
121144,id_121144,Jeremy Johnson,Male,"Unit 9302 Box 2973
DPO AA 19492",Bahamas,Jeremy@gmail.com,IT,15,Data engineer
121145,id_121145,Bruce Schmidt,Male,"561 Wilson View
Port Gregshire, IN 70401",Poland,Bruce@burke.com,Engineering,27,ML
121146,id_121146,Jessica Leonard,Female,"965 Heather Crossing
Danatown, AR 29908",Congo,Jessica@garcia.info,Engineering,28,Software development
121147,id_121147,Brent Taylor,Male,"5971 Aaron Mountains
Simmonsshire, NV 16822",Puerto Rico,Brent@davidson-harris.com,IT,10,Software development
121148,id_121148,Lori Barr,Female,"540 Mark Plaza Suite 669
South Sarah, FL 38352",Greenland,Lori@gmail.com,Predictive analysis frameworks,2,Software development
121149,id_121149,James Rodriguez,Male,"926 Stephanie Shoals Suite 202
West Teresa, PA 31704",Cote d'Ivoire,James@hotmail.com,Engineering,28,Data engineer
121150,id_121150,Johnny Montgomery,Male,"6901 Johns Inlet
East Rodney, SC 10519",Russian Federation,Johnny@parsons-schultz.com,IT,1,ML
121151,id_121151,Martha Miller,Female,"547 Madison Trace
Anaberg, TX 01483",Saint Lucia,Martha@galvan.com,IT,26,Data engineer
121152,id_121152,Casey Bentley,Male,"8549 Katelyn Mission Apt. 749
Doylebury, CO 28057",Romania,Casey@gmail.com,IT,27,Data engineer
121153,id_121153,Russell Parks,Male,"64234 Gomez Dale
New Carrieborough, CT 12252",Niger,Russell@barnes.com,Data Science,10,Data engineer
121154,id_121154,Jeffrey Wright,Male,"PSC 1241, Box 4884
APO AA 40932",Falkland Islands (Malvinas),Jeffrey@king-freeman.com,IT,13,ML
121155,id_121155,Thomas Young,Male,"1173 April Turnpike
Port Donnafurt, VT 58526",Congo,Thomas@wall.net,Predictive analysis frameworks,15,Software development
121156,id_121156,Heather Davis,Female,"51833 Roberts Glens Apt. 758
Laurenhaven, DC 21652",Finland,Heather@mcdaniel-bishop.biz,Engineering,20,ML
121157,id_121157,Brooke Holt,Female,"Unit 6375 Box 0888
DPO AE 61705",Cayman Islands,Brooke@jones.info,Engineering,8,Software development
121158,id_121158,Frederick Velazquez,Male,"20549 Baker Fort
North Haley, AK 08872",Estonia,Frederick@gmail.com,IT,23,Software development
121159,id_121159,Timothy White,Male,"9523 William Branch Apt. 041
North Jesus, DC 14601",Sudan,Timothy@clark.com,Predictive analysis frameworks,6,ML
121160,id_121160,Christopher Merritt MD,Male,"938 Kimberly Islands Apt. 610
Benjaminberg, DE 23917",Uruguay,Christopher@gmail.com,IT,6,Software development
121161,id_121161,Tiffany Robertson,Female,"58354 James Stravenue Suite 437
South Kristinemouth, NJ 31852",Panama,Tiffany@morales.com,Predictive analysis frameworks,25,Data engineer
121162,id_121162,Margaret Lara,Female,"55089 Jennifer Rapids
Navarroburgh, NH 38130",Seychelles,Margaret@arellano-graham.com,Predictive analysis frameworks,10,ML
121163,id_121163,Gabriel Jones,Male,"04576 Emily Rapid
Birdville, WA 46325",Guadeloupe,Gabriel@hotmail.com,IT,5,Frontend developer
121164,id_121164,Daniel Smith,Male,"2099 Tyler Islands Suite 169
Ashleyberg, NM 32280",Niue,Daniel@hotmail.com,Testing,26,Data engineer
121165,id_121165,Mr. Peter Smith MD,Male,"80499 Erica Point Suite 037
Robertstad, MN 21223",Rwanda,Mr.@maynard.com,Data Science,21,Software development
121166,id_121166,Joshua Garcia,Male,"194 Williams Well Suite 067
Martintown, MO 47690",French Guiana,Joshua@taylor.org,IT,12,ML
121167,id_121167,Nancy Durham,Female,"730 Bradley Falls
Amandaland, AL 71286",Libyan Arab Jamahiriya,Nancy@thompson.info,Testing,25,ML
121168,id_121168,Laura Washington,Female,"287 Black Crossroad Apt. 050
Johnhaven, NE 47814",Papua New Guinea,Laura@wilson-webster.biz,Engineering,27,Software development
121169,id_121169,Samantha Jackson,Female,"9948 Brandon Cliffs
East Gloriafort, IN 33012",Gambia,Samantha@smith-hall.org,IT,21,Data engineer
121170,id_121170,Madeline Johnson,Female,"47807 Curtis Route
Rickyside, LA 33167",Belgium,Madeline@frazier.com,Predictive analysis frameworks,26,Data engineer
121171,id_121171,Christina Wang,Female,"7938 Hudson Inlet Apt. 342
West Frederickland, IA 59640",Saint Barthelemy,Christina@hotmail.com,IT,21,ML
121172,id_121172,Blake Spencer,Male,"75108 Brian Extensions Suite 951
East Stephanie, LA 68543",United Arab Emirates,Blake@hotmail.com,Data Science,6,ML
121173,id_121173,Sandra Cooper,Female,"55439 Justin Pine Apt. 131
New Calvintown, NJ 42351",Nauru,Sandra@gmail.com,IT,21,Frontend developer
121174,id_121174,William Mitchell,Male,"80235 Renee View Apt. 660
Gallagherville, IN 29917",Luxembourg,William@gmail.com,Testing,13,Frontend developer
121175,id_121175,Justin Rios,Male,"Unit 4828 Box 2433
DPO AE 93878",Madagascar,Justin@hotmail.com,Data Science,1,Frontend developer
121176,id_121176,Roy Hale,Male,"6864 Robert Loop Suite 873
Kennethmouth, WV 92368",Korea,Roy@wall-clements.org,Predictive analysis frameworks,15,Data engineer
121177,id_121177,Cory Richardson,Male,"173 Beard Gateway
Lake Ryan, KY 74395",Netherlands,Cory@hotmail.com,Engineering,16,ML
121178,id_121178,Amy Barnes,Female,"4800 Walker Cliffs
South Jamesland, OR 12634",China,Amy@scott.com,Engineering,26,Software development
121179,id_121179,Nicholas Rodriguez,Male,"7191 Kristen Island
Port Theresa, CO 65886",Guinea-Bissau,Nicholas@yahoo.com,Data Science,9,Data engineer
121180,id_121180,Joshua Hines,Male,"620 Burke Circle Suite 991
Debraside, IL 47764",Gambia,Joshua@roberts.com,Data Science,3,Frontend developer
121181,id_121181,Brian Woods,Male,"16869 Wesley Lane
Watersbury, CO 03334",Bangladesh,Brian@yahoo.com,IT,25,Software development
121182,id_121182,Michele Johnson,Female,"1572 Navarro Springs
Murphymouth, DC 20669",Bahrain,Michele@gmail.com,Data Science,13,Frontend developer
121183,id_121183,Scott Howard,Male,"8760 Ashley Meadow
Lake Markfurt, AZ 13217",Botswana,Scott@boyle.org,Testing,3,Software development
121184,id_121184,Michael Hall,Male,"7797 Howell Coves Suite 485
West Jeffrey, OR 54150",Andorra,Michael@franklin.com,IT,26,Software development
121185,id_121185,John Miller,Male,"2991 Sellers Brooks
Justinberg, ME 30564",Tuvalu,John@yahoo.com,IT,1,Frontend developer
121186,id_121186,Tiffany Le,Female,"6623 Norman Ranch Apt. 109
Whiteside, IA 78041",Dominica,Tiffany@gmail.com,Predictive analysis frameworks,26,Frontend developer
121187,id_121187,Amanda Wagner,Female,"0723 Ortega Passage Apt. 846
Andrewborough, KY 63284",Namibia,Amanda@hoffman.com,Predictive analysis frameworks,22,Data engineer
121188,id_121188,Timothy Hall,Male,"6606 Elizabeth Roads
Juliefurt, FL 23414",Panama,Timothy@gmail.com,Data Science,9,ML
121189,id_121189,Jenna Bullock,Female,"6469 Cheryl Shore
Martinezburgh, ID 51360",New Zealand,Jenna@johnson.com,Engineering,29,Software development
121190,id_121190,Jerry Carter,Male,"53634 Meagan Divide
East Jeffrey, WY 27219",British Indian Ocean Territory (Chagos Archipelago),Jerry@garcia-jordan.org,Data Science,7,ML
121191,id_121191,Nancy Morris,Female,"6343 Elizabeth Passage
Sarahmouth, OH 02581",Nigeria,Nancy@brown-cline.com,Testing,12,ML
121192,id_121192,Joseph Lopez,Male,"899 Mason Port
Davisburgh, TN 20782",Venezuela,Joseph@yahoo.com,Engineering,13,Software development
121193,id_121193,Jennifer Miller,Female,"591 Washington Circle Suite 064
Shermanstad, MT 49942",Papua New Guinea,Jennifer@hotmail.com,Data Science,10,ML
121194,id_121194,George Walter,Male,"392 Anna Fall
New Kristi, WA 61284",Bosnia and Herzegovina,George@yahoo.com,Data Science,2,Frontend developer
121195,id_121195,Derek Williams,Male,"25538 Hood Village
Jasonberg, MT 48668",Myanmar,Derek@yahoo.com,IT,28,Frontend developer
121196,id_121196,Deanna Rose,Female,"7846 Parker Corners
Campbellstad, ID 43247",Argentina,Deanna@gonzalez.org,Testing,1,Software development
121197,id_121197,Marissa Martin,Female,"2798 Sloan Lake
East Garyberg, NV 15065",British Indian Ocean Territory (Chagos Archipelago),Marissa@hart.org,Engineering,14,Data engineer
121198,id_121198,Jessica Berry,Female,"125 Tanya Plaza
Port Saraborough, NE 99834",Antarctica (the territory South of 60 deg S),Jessica@jordan.org,Predictive analysis frameworks,16,ML
121199,id_121199,Steven Soto,Male,"160 Santana Plaza
New Tanyafurt, VT 02340",Ireland,Steven@morgan-carroll.net,Engineering,7,ML
121200,id_121200,Alicia Butler,Female,"876 Barber Valley Suite 956
Christopherside, MD 99480",Seychelles,Alicia@hotmail.com,Predictive analysis frameworks,3,ML
121201,id_121201,Stacy Anderson,Female,"81190 Carson Park Suite 859
New Danamouth, NJ 48303",Guinea-Bissau,Stacy@mahoney-lee.com,Data Science,16,Data engineer
121202,id_121202,Charles Case,Male,"Unit 0229 Box 5241
DPO AP 17528",Vietnam,Charles@watts.biz,Testing,9,Software development
121203,id_121203,Becky Hunter,Female,"337 Olivia Causeway
Lisaburgh, TN 15492",San Marino,Becky@smith.com,Testing,26,Frontend developer
121204,id_121204,Christina Spencer,Female,"3513 Terry Canyon Suite 525
Lisaville, AK 22213",Haiti,Christina@yahoo.com,IT,10,Data engineer
121205,id_121205,Anthony Oconnell,Male,"6229 Joseph Forges
Laurafurt, KY 52119",Montenegro,Anthony@warren-thomas.com,Engineering,13,ML
121206,id_121206,Erin Gardner,Female,"1899 Price Shore Apt. 240
Monroemouth, SD 84980",Pitcairn Islands,Erin@clarke.com,Data Science,7,Frontend developer
121207,id_121207,David Gill,Male,"620 Angela Crescent
Hillfurt, MD 12964",Panama,David@hartman-mendez.com,Engineering,4,Software development
121208,id_121208,Cynthia Murray,Female,"18217 Ryan Crescent
West Pamela, NM 73074",Iran,Cynthia@macdonald.com,IT,4,Software development
121209,id_121209,Lindsay Hill DDS,Female,"68649 Hebert Inlet
Williamschester, WY 75006",Netherlands,Lindsay@randall.biz,Engineering,26,Data engineer
121210,id_121210,Karina Gutierrez,Female,"9082 Hawkins Inlet Apt. 141
Matthewfort, IL 91180",Germany,Karina@hotmail.com,Data Science,12,ML
121211,id_121211,Andrea Blackwell,Female,"61584 Duran Court
Mercadomouth, MI 83817",Sudan,Andrea@hotmail.com,IT,16,Frontend developer
121212,id_121212,Robert Castillo,Male,"1818 Thompson Alley Apt. 081
West Brianmouth, IN 18807",Papua New Guinea,Robert@roberts-griffith.com,Data Science,25,Data engineer
121213,id_121213,James Hoover,Male,"304 Melissa Pines Apt. 598
Perezshire, TX 61365",Vietnam,James@bradley.net,Testing,7,Frontend developer
121214,id_121214,Lauren Reyes,Female,"687 Williams Walks Suite 668
Port Lori, VT 44467",Slovakia (Slovak Republic),Lauren@gmail.com,Data Science,5,Frontend developer
121215,id_121215,Miss Lori Stanley,Female,"89878 King Stream
Lake Wanda, NM 04402",Belgium,Miss@gmail.com,IT,19,Data engineer
121216,id_121216,Natalie Jones,Female,"933 Heidi Road
Port Wendy, ND 12520",Saint Helena,Natalie@olson.biz,Data Science,12,Data engineer
121217,id_121217,Timothy Lopez,Male,"637 King Ford
Scottton, DE 50612",Chad,Timothy@clark.info,Engineering,18,ML
121218,id_121218,Marvin Robinson,Male,"7826 Petty Trail
Port Stacey, NV 70580",Poland,Marvin@morgan.com,IT,18,Frontend developer
121219,id_121219,Louis Larson,Male,"33076 Holmes Mountain
Harrischester, MO 93226",Pakistan,Louis@gmail.com,Testing,8,Data engineer
121220,id_121220,Katelyn Berry,Female,"Unit 4524 Box 5650
DPO AP 43778",Solomon Islands,Katelyn@hotmail.com,Testing,20,ML
121221,id_121221,Erica Gomez,Female,"692 Barbara Turnpike Suite 941
Lake Monicachester, MD 32914",Denmark,Erica@yahoo.com,Data Science,28,Frontend developer
121222,id_121222,Andrew Finley,Male,"32518 Paula Center
Bellburgh, AR 71699",Guernsey,Andrew@thomas-daniels.org,Predictive analysis frameworks,24,Frontend developer
121223,id_121223,Diane Jensen,Female,"4411 Daniel Divide
New Thomas, MO 88908",Saudi Arabia,Diane@dougherty-cochran.com,IT,8,Software development
121224,id_121224,Michele Jackson,Female,"680 Solis Heights Suite 763
Lake Michael, WA 69241",Djibouti,Michele@washington.com,IT,22,Software development
121225,id_121225,Marc Huff,Male,"541 Tara Cliffs
Millerport, IL 36584",Macao,Marc@adams.org,Engineering,19,ML
121226,id_121226,Christopher Rodriguez,Male,"67312 Joseph Coves Apt. 504
Lake Joseph, DE 34736",South Africa,Christopher@hotmail.com,Testing,19,ML
121227,id_121227,Joshua Marks,Male,"88477 Martin Roads
West Lancemouth, UT 10923",United Arab Emirates,Joshua@jones.net,IT,18,Software development
121228,id_121228,Jordan Davis,Female,"499 Foster Summit
Lake Nicholas, CT 90215",Montenegro,Jordan@smith.com,Data Science,22,ML
121229,id_121229,Donald Davis,Male,"530 Lewis Mission Suite 649
New Jacqueline, NJ 00696",Haiti,Donald@hotmail.com,Engineering,25,Data engineer
121230,id_121230,Steven Nichols,Male,"2677 Harvey Courts
Lake Karlchester, TN 39342",Puerto Rico,Steven@sims-robinson.info,Engineering,15,Software development
121231,id_121231,Andrew Stout,Male,"PSC 0023, Box 2656
APO AE 50677",Ecuador,Andrew@peters-cooper.biz,Engineering,17,ML
121232,id_121232,Dillon Scott,Male,"1796 Frank Mountains
South Rachel, KY 97586",Guinea,Dillon@fuentes-duran.org,Data Science,19,ML
121233,id_121233,Lee Jackson,Male,"9802 Robin Fords Suite 534
South Randy, NV 40118",Jamaica,Lee@yahoo.com,Testing,22,Frontend developer
121234,id_121234,Jacqueline Zavala,Female,"14801 Rebecca River
Sydneytown, WV 11938",Montenegro,Jacqueline@hotmail.com,Engineering,15,Software development
121235,id_121235,Raymond Rogers,Male,"564 Cynthia Club Suite 392
Port Nancyport, CA 73201",Saint Vincent and the Grenadines,Raymond@browning.info,Testing,28,Software development
121236,id_121236,Jasmine Johnson,Female,"84707 Montoya Expressway Apt. 192
South Michelle, NM 20629",Nepal,Jasmine@hotmail.com,Predictive analysis frameworks,15,Frontend developer
121237,id_121237,Zachary Ramos,Male,"4394 Mason Harbor
North Mary, CT 54910",Tanzania,Zachary@yahoo.com,Predictive analysis frameworks,8,ML
121238,id_121238,Stacy Davidson,Female,"00906 Amanda Avenue
Jamesside, TX 94010",Egypt,Stacy@miller.net,Engineering,20,Frontend developer
121239,id_121239,Linda Foley,Female,"7149 Francis Lodge
Jasonview, LA 05135",Ethiopia,Linda@carey.info,Data Science,6,Software development
121240,id_121240,Colin Cervantes,Male,"123 Wong Viaduct
New Richard, OR 28858",Saudi Arabia,Colin@yahoo.com,Data Science,28,Software development
121241,id_121241,David Johnson,Male,"778 Shepherd Track Apt. 735
Nicholasburgh, NC 67971",Dominica,David@vasquez.info,Predictive analysis frameworks,6,Software development
121242,id_121242,Morgan Ramsey,Female,"793 Lisa Shoals Apt. 235
Andersenfort, NC 06022",San Marino,Morgan@valdez.com,IT,24,Data engineer
121243,id_121243,Daniel Torres,Male,"759 West Course Apt. 502
Carterland, OH 61228",Nauru,Daniel@robertson.com,IT,2,Software development
121244,id_121244,Robert Welch,Male,"93396 Robert Isle Suite 014
Port Amanda, KY 37949",Christmas Island,Robert@miranda.com,Testing,3,ML
121245,id_121245,Eric Cook,Male,"Unit 5123 Box 2371
DPO AP 53039",Honduras,Eric@hendrix.com,Engineering,14,ML
121246,id_121246,Matthew Arias,Male,"9818 Jeff Stream Suite 455
West Andrea, DE 70638",Armenia,Matthew@hotmail.com,IT,24,Frontend developer
121247,id_121247,Andrea Miller,Female,"58111 Smith Prairie
Barrerahaven, IA 31442",Turkmenistan,Andrea@ray.com,Testing,25,ML
121248,id_121248,Emily Jordan,Female,"2389 Christine Plaza Suite 746
East Rebeccastad, ND 98285",Tuvalu,Emily@gmail.com,IT,27,Frontend developer
121249,id_121249,Dr. Angela Smith DDS,Female,"250 Philip Harbors Suite 951
New Sherrymouth, MS 23983",Cuba,Dr.@yahoo.com,Predictive analysis frameworks,6,ML
121250,id_121250,Nicole Mcfarland,Female,"983 Catherine Path Apt. 641
Linberg, UT 48892",Poland,Nicole@shepherd.info,IT,23,ML
121251,id_121251,Nathan Cook,Male,"6629 Patel Summit
Santiagoburgh, NJ 39695",Malawi,Nathan@yahoo.com,Predictive analysis frameworks,19,Frontend developer
121252,id_121252,Tonya Ellis,Female,"67953 Phillip Shoal
New Edwardbury, OR 65875",Bulgaria,Tonya@ray.com,Testing,22,ML
121253,id_121253,Michael Santos,Male,"72273 Jeff Drive Suite 045
Harveymouth, UT 35801",Costa Rica,Michael@gmail.com,Testing,5,Software development
121254,id_121254,Eric Cameron,Male,"857 Raven Mountains Apt. 362
East Matthew, DE 42451",Kuwait,Eric@brandt-mcmahon.org,Predictive analysis frameworks,16,Frontend developer
121255,id_121255,Joe Norton,Male,"27383 Cody Cove
West Josephfort, KY 11851",Greece,Joe@johnson.com,IT,21,ML
121256,id_121256,Jennifer Rodriguez,Female,"6993 Erika Dam Apt. 031
Port Kaylaside, ME 79346",Seychelles,Jennifer@hotmail.com,IT,6,Data engineer
121257,id_121257,Angela Rasmussen,Female,"5662 Davis Rue Apt. 689
Justinchester, CA 76525",Burundi,Angela@gmail.com,Engineering,6,ML
121258,id_121258,Ryan Gomez,Male,"693 Melissa Shore Apt. 291
Amandaberg, KY 28857",Holy See (Vatican City State),Ryan@allen-kelly.com,Engineering,2,Frontend developer
121259,id_121259,Anna Suarez,Female,"774 David Junction Apt. 538
Brittanymouth, AL 09927",Poland,Anna@gmail.com,Testing,9,Software development
121260,id_121260,Emily Mcdonald,Female,"PSC 8630, Box 8013
APO AP 69154",Bahrain,Emily@ford.com,IT,18,Frontend developer
121261,id_121261,Travis Smith,Male,"245 Michael Spur Apt. 136
Port Linda, VA 24091",Greenland,Travis@munoz-wade.com,Predictive analysis frameworks,28,ML
121262,id_121262,Sylvia Gilbert,Female,"95812 Mercer Radial
South Micheletown, MS 09271",Zambia,Sylvia@bruce-gonzalez.com,Predictive analysis frameworks,18,Frontend developer
121263,id_121263,Adam Ruiz,Male,"15184 Kelly Estates Suite 106
Kennedyshire, ME 59229",American Samoa,Adam@taylor.com,Testing,20,Frontend developer
121264,id_121264,Brianna Martinez,Female,"991 Mcconnell Crest Apt. 142
South Maxwell, TN 02360",Latvia,Brianna@doyle.com,Engineering,13,Frontend developer
121265,id_121265,Michaela Weiss,Female,"USNV Garrison
FPO AP 93647",Croatia,Michaela@ingram.net,Engineering,9,Frontend developer
121266,id_121266,Deborah Taylor,Female,"9177 Melinda River Suite 314
Port Jacob, AK 76958",Congo,Deborah@farley.com,Testing,17,Frontend developer
121267,id_121267,Bobby Gomez,Male,"9236 Pamela Landing
Wadestad, SC 75823",Macedonia,Bobby@thornton.com,Engineering,19,Frontend developer
121268,id_121268,Mark Murray,Male,"38960 Brian Course Apt. 787
Greenland, ND 55586",Mexico,Mark@gmail.com,Engineering,25,Data engineer
121269,id_121269,Christopher Chang,Male,"78741 Thompson Burgs
Travisshire, DE 42156",Vanuatu,Christopher@yahoo.com,Predictive analysis frameworks,20,Software development
121270,id_121270,James Green,Male,"697 Nelson Ranch Suite 109
East Lisa, NJ 21048",Nauru,James@noble.com,Data Science,6,Software development
121271,id_121271,Jessica Edwards,Female,"517 Bates Stravenue Apt. 932
North Jessica, TX 97977",Gambia,Jessica@lester-marquez.org,Predictive analysis frameworks,3,Frontend developer
121272,id_121272,Travis Harris,Male,"PSC 5675, Box 0991
APO AP 96068",Armenia,Travis@perry-murphy.com,IT,26,Data engineer
121273,id_121273,Caitlin Acosta,Female,"78602 Washington Street Apt. 219
Leslieport, ME 31286",Sri Lanka,Caitlin@yahoo.com,Data Science,4,Data engineer
121274,id_121274,Jason Rosario,Male,"783 Morrison Wells
West Kyle, VA 97983",Ireland,Jason@gmail.com,IT,4,Software development
121275,id_121275,Stephen Richard,Male,"336 White Haven Suite 018
Morrisfort, NH 73294",Bahrain,Stephen@yahoo.com,Predictive analysis frameworks,24,ML
121276,id_121276,Daniel Price,Male,"402 Bradley Manors
Port Cynthia, OR 04374",Montserrat,Daniel@hotmail.com,Engineering,3,Frontend developer
121277,id_121277,Michael Wilson,Male,"5818 Michael River
East Jimstad, TX 35090",Cote d'Ivoire,Michael@yahoo.com,Predictive analysis frameworks,14,Software development
121278,id_121278,Gregory Fleming,Male,"961 Long Pike Suite 633
West Brandonhaven, AR 62902",Benin,Gregory@wright.com,Engineering,11,Software development
121279,id_121279,Debra Marks,Female,"PSC 2737, Box 7916
APO AP 30620",Ghana,Debra@harper.com,Data Science,27,Frontend developer
121280,id_121280,Patricia Williams DDS,Female,"1846 Allen Harbors Apt. 422
Brianburgh, VA 55206",United States of America,Patricia@travis-frazier.biz,Engineering,5,ML
121281,id_121281,Brian Rogers,Male,"04275 Howard Fork Suite 209
Lake Steven, PA 99440",Congo,Brian@yahoo.com,Data Science,18,Frontend developer
121282,id_121282,Matthew Dickerson,Male,"9879 Jones Canyon
Lisaview, HI 07658",Mexico,Matthew@yahoo.com,Predictive analysis frameworks,1,Data engineer
121283,id_121283,Krystal Wilson,Female,"0907 Brittany Parks
Gallegosstad, MS 70203",Uzbekistan,Krystal@smith.com,IT,24,Software development
121284,id_121284,Jessica George,Female,"480 Cervantes Island Apt. 898
Brianview, NM 60907",Belarus,Jessica@allen.com,Predictive analysis frameworks,14,Software development
121285,id_121285,Janet Wilcox,Female,"9872 Browning Lodge
Blanchardmouth, MO 60053",Palau,Janet@henry.com,IT,14,Software development
121286,id_121286,Patrick Hernandez,Male,"3072 Pacheco Lodge
South Donaldmouth, WV 81955",Saint Barthelemy,Patrick@reese.com,Predictive analysis frameworks,24,ML
121287,id_121287,Theresa Arnold,Female,"8786 Drake Plaza Apt. 714
East James, OK 26354",Netherlands Antilles,Theresa@yahoo.com,IT,24,Frontend developer
121288,id_121288,Jo Cisneros,Female,"2886 Reed Manors Apt. 157
Thompsonchester, GA 90798",Guatemala,Jo@gmail.com,IT,14,Frontend developer
121289,id_121289,Craig Morrison,Male,"4876 Rhonda Island Suite 377
South Brittany, DC 48434",Malawi,Craig@hotmail.com,Engineering,21,Data engineer
121290,id_121290,Jennifer Haynes,Female,"9372 Williams Stream
South Scottmouth, WY 40879",Pakistan,Jennifer@gmail.com,Testing,12,Frontend developer
121291,id_121291,Peter Robinson,Male,"8227 Hunter Plains
Vargasburgh, MI 23534",French Polynesia,Peter@white.com,Engineering,27,ML
121292,id_121292,Julia Butler,Female,"7692 Katherine Manor Suite 613
Kristinfort, UT 12586",Burundi,Julia@pollard.biz,Engineering,22,Data engineer
121293,id_121293,Christine Castillo,Female,"17420 Floyd Avenue
New Georgebury, TX 24060",Turkmenistan,Christine@yahoo.com,Testing,11,Data engineer
121294,id_121294,Stephen Wall,Male,"39145 Reynolds Islands Suite 342
Adrianside, GA 13694",Heard Island and McDonald Islands,Stephen@gmail.com,Predictive analysis frameworks,25,ML
121295,id_121295,Brett Pittman,Male,"94669 Ramos Manors
Diazside, NE 37242",Macao,Brett@hotmail.com,Engineering,19,Data engineer
121296,id_121296,Terry Frederick,Male,"38592 Angela Spurs Suite 228
Port Shelbyview, NH 56270",Russian Federation,Terry@lloyd.com,Engineering,23,Data engineer
121297,id_121297,Michael Patton,Male,"9629 Nicholas Groves Suite 244
East Patrick, NJ 66381",Sao Tome and Principe,Michael@washington-cook.net,Data Science,24,Software development
121298,id_121298,James Moreno,Male,"683 Wheeler Key Apt. 703
Kevinfort, IA 70991",Nepal,James@parrish.com,Testing,13,Data engineer
121299,id_121299,David Owen,Male,"615 Ellen Road Suite 976
Shawnmouth, OK 07157",Heard Island and McDonald Islands,David@hotmail.com,Predictive analysis frameworks,30,Frontend developer
121300,id_121300,Pamela Soto,Female,"960 Maurice Locks Apt. 376
New Michaelaside, IL 04601",Saudi Arabia,Pamela@lopez.com,Data Science,24,Data engineer
121301,id_121301,Diana Shaffer,Female,"07967 Rodriguez Lake
New Carl, ME 19667",Cameroon,Diana@gmail.com,Testing,22,ML
121302,id_121302,Donald Gomez Jr.,Male,"488 Walker Dale Suite 029
East Sydneyland, NE 21238",El Salvador,Donald@yahoo.com,Testing,13,ML
121303,id_121303,Lawrence Rogers,Male,"3378 Blake Rapid
Justintown, NM 95717",Madagascar,Lawrence@burton.com,Engineering,10,Software development
121304,id_121304,Keith Ramirez,Male,"89025 Evans Junctions Apt. 337
Baileyside, NH 47455",Bermuda,Keith@simmons-matthews.com,Predictive analysis frameworks,15,Data engineer
121305,id_121305,Dominique Ramirez,Female,"991 Amanda Ville Apt. 714
East Dawnview, OK 76569",Heard Island and McDonald Islands,Dominique@yahoo.com,Predictive analysis frameworks,12,Data engineer
121306,id_121306,Nicole Koch,Female,"02091 Juan Motorway Suite 673
Hodgeburgh, NJ 37944",Taiwan,Nicole@robertson-wu.com,Testing,30,Data engineer
121307,id_121307,Nicholas Roberson,Male,"495 Mikayla Drive
Jeffersonfurt, CO 84651",Bolivia,Nicholas@taylor-russell.com,Engineering,16,Software development
121308,id_121308,Kathy May,Female,"953 Baxter Centers Apt. 468
New Jamesmouth, SC 88010",Greenland,Kathy@gmail.com,IT,27,Data engineer
121309,id_121309,Heidi Wilson,Female,"3677 April Village Suite 710
West Thomasside, VA 68017",Serbia,Heidi@hotmail.com,Engineering,23,Frontend developer
121310,id_121310,Gregory Mccormick,Male,"759 Murphy Vista Suite 600
Longstad, CA 67196",Cocos (Keeling) Islands,Gregory@smith.com,Data Science,13,ML
121311,id_121311,Jeff Oconnor,Male,"592 Parks Grove Apt. 328
East Angelafurt, HI 81353",Hungary,Jeff@ortiz.com,Predictive analysis frameworks,29,Data engineer
121312,id_121312,Emily Bates,Female,"861 Edwards Walk Suite 066
West Emily, WV 66458",Mexico,Emily@holder.info,Testing,5,Data engineer
121313,id_121313,Nicholas Espinoza,Male,"51846 Chelsea Plaza Apt. 590
West Angel, SC 94424",Antigua and Barbuda,Nicholas@morrison.net,Engineering,22,Frontend developer
121314,id_121314,Katrina Richards,Female,"84665 Monica Junctions Suite 828
North Anna, NV 49197",Vietnam,Katrina@gmail.com,Testing,9,Data engineer
121315,id_121315,Claudia Booth,Female,"PSC 2566, Box 3210
APO AE 24690",Denmark,Claudia@hernandez-fernandez.com,Engineering,17,ML
121316,id_121316,Timothy White,Male,"2883 Scott Dam
Lake Rebeccamouth, TN 22375",San Marino,Timothy@hotmail.com,Testing,8,Frontend developer
121317,id_121317,Maria Li,Female,"0019 Johnson Vista
Port Billybury, CT 49489",Antigua and Barbuda,Maria@gmail.com,Predictive analysis frameworks,15,ML
121318,id_121318,Patricia Vasquez,Female,"51970 Jody Place
Lake Brittanychester, OK 53801",Heard Island and McDonald Islands,Patricia@thomas.com,Predictive analysis frameworks,5,Data engineer
121319,id_121319,Frederick Larson,Male,"2949 Haley Spurs
South Catherine, IA 52527",Christmas Island,Frederick@hotmail.com,Data Science,27,Data engineer
